{
  "IcoMoonType": "selection",
  "icons": [
    {
      "icon": {
        "paths": [
          "M1022 512l-512-512-247 247 265 265-265 265 247 247 512-512zM185 329l-183 183 183 183 183-183-183-183z"
        ],
        "attrs": [
          {}
        ],
        "isMulticolor": false,
        "isMulticolor2": false,
        "grid": 0,
        "tags": [
          "One Action"
        ]
      },
      "attrs": [
        {}
      ],
      "properties": {
        "order": 8,
        "id": 0,
        "name": "1action",
        "prevSize": 32,
        "code": 11067,
        "ligatures": ""
      },
      "setIdx": 0,
      "setId": 2,
      "iconIdx": 0
    },
    {
      "icon": {
        "paths": [
          "M1049.986 512l-511-511-246 247 264 264-264 264 246 247 511-511zM214.986 329l-183 183 183 183 183-183-183-183zM1631.986 504l-448-448-217 216 232 232-232 232 217 217 448-449z"
        ],
        "attrs": [
          {}
        ],
        "width": 1664,
        "isMulticolor": false,
        "isMulticolor2": false,
        "grid": 0,
        "tags": [
          "Two Actions"
        ]
      },
      "attrs": [
        {}
      ],
      "properties": {
        "order": 9,
        "id": 1,
        "name": "2actions",
        "prevSize": 32,
        "code": 11066
      },
      "setIdx": 0,
      "setId": 2,
      "iconIdx": 1
    },
    {
      "icon": {
        "paths": [
          "M1065 512l-512-512-247 247 265 265-265 265 247 247zM2163 502l-360-360-175 174 187 186-187 187 175 174zM228 329l-183 183 183 183 183-183zM1655 504l-449-449-218 217 233 232-233 233 218 217z"
        ],
        "attrs": [
          {}
        ],
        "width": 2208,
        "isMulticolor": false,
        "isMulticolor2": false,
        "grid": 0,
        "tags": [
          "Three Actions"
        ]
      },
      "attrs": [
        {}
      ],
      "properties": {
        "order": 10,
        "id": 2,
        "name": "3actions",
        "prevSize": 32,
        "code": 11069,
        "ligatures": ""
      },
      "setIdx": 0,
      "setId": 2,
      "iconIdx": 2
    },
    {
      "icon": {
        "paths": [
          "M531.994 0l-516 518 509 506 515-515-508-509zM203.994 496l109-109 109 109-109 109-109-109zM514.994 876l-113-113 251-251-245-246 124-124 359 359-376 375z"
        ],
        "attrs": [
          {}
        ],
        "width": 1056,
        "isMulticolor": false,
        "isMulticolor2": false,
        "grid": 0,
        "tags": [
          "delay"
        ]
      },
      "attrs": [
        {}
      ],
      "properties": {
        "order": 11,
        "id": 4,
        "name": "delay",
        "prevSize": 32,
        "code": 11091
      },
      "setIdx": 0,
      "setId": 2,
      "iconIdx": 3
    },
    {
      "icon": {
        "paths": [
          "M1052.738 376.879q-23-71-82-128-60-57-143.5-94t-184.5-50q-101-14-207 1-75 11-140 35t-116 58-87 77q-36 42-53 89 21-26 50-48 29-23 64.5-41t76.5-31q42-13 88-20 85-12 166-1t148.5 40.5 115.5 75.5 66 103q18 58 2 113-17 55-60.5 100.5t-111.5 78.5q-67 32-152 44-28 4-55.5 5.5t-54.5 0.5q63 14 131.5 17t137.5-7q106-15 190-56 84-40 138-96.5t75-125.5q20-68-2-140zM191.738 822.879l489 103-109-149 56-215-436 261z"
        ],
        "attrs": [
          {}
        ],
        "width": 1104,
        "isMulticolor": false,
        "isMulticolor2": false,
        "grid": 0,
        "tags": [
          "Reaction"
        ]
      },
      "attrs": [
        {}
      ],
      "properties": {
        "order": 12,
        "id": 3,
        "name": "reaction",
        "prevSize": 32,
        "code": 11058
      },
      "setIdx": 0,
      "setId": 2,
      "iconIdx": 4
    }
  ],
  "height": 1024,
  "preferences": {
    "showGlyphs": true,
    "showQuickUse": true,
    "showQuickUse2": true,
    "showSVGs": true,
    "fontPref": {
      "prefix": "pathfinder-",
      "metadata": {
        "fontFamily": "fonts",
        "majorVersion": 1,
        "minorVersion": 1,
        "license": "Paizo Community License",
        "licenseURL": "https://paizo.com/community/communityuse",
        "description": "Pathfinder 2e Action Glyphs"
      },
      "metrics": {
        "emSize": 1024,
        "baseline": 6.25,
        "whitespace": 50
      },
      "embed": true,
      "ie7": true,
      "noie8": false,
      "includeMetadata": true,
      "cssVars": true,
      "cssVarsFormat": "scss",
      "addZero": true,
      "showSelector": true,
      "showMetrics": true,
      "showMetadata": true,
      "postfix": "",
      "selector": "",
      "classSelector": ".icon",
      "flutter": true,
      "showVersion": true
    },
    "imagePref": {
      "prefix": "pf2e",
      "png": true,
      "useClassSelector": true,
      "color": 0,
      "bgColor": 16777215,
      "classSelector": ".pathfinder",
      "name": "Pathfinder-Glyphs",
      "height": 24,
      "columns": 16,
      "margin": 16,
      "numPrefix": true,
      "minifyJs": true,
      "addTitleTags": true,
      "pdf": true,
      "polymer": true,
      "xaml": true,
      "csh": true,
      "sprite": true,
      "overrideSize": false
    },
    "historySize": 50,
    "showCodes": true,
    "gridSize": 16,
    "showGrid": false,
    "showLiga": false
  }
}